START DATE,START TIME,START TIME ET,SUBJECT,LOCATION,DESCRIPTION,END DATE,END DATE ET,END TIME,END TIME ET,REMINDER OFF,REMINDER ON,REMINDER DATE,REMINDER TIME,REMINDER TIME ET,SHOWTIMEAS FREE,SHOWTIMEAS BUSY
02/21/20,01:05 PM,01:05 PM,Fire at Tigers,Publix Field at Joker Marchant Stadium - Lakeland,"",02/21/20,02/21/20,04:05 PM,04:05 PM,FALSE,TRUE,02/21/20,12:05 PM,12:05 PM,FREE,BUSY
02/22/20,01:05 PM,01:05 PM,Phillies at Tigers,Publix Field at Joker Marchant Stadium - Lakeland,"Local Radio: WXYT 97.1 FM",02/22/20,02/22/20,04:05 PM,04:05 PM,FALSE,TRUE,02/22/20,12:05 PM,12:05 PM,FREE,BUSY
02/23/20,01:05 PM,01:05 PM,Tigers at Pirates,LECOM Park - Bradenton,"Local Radio: WXYT 97.1 FM",02/23/20,02/23/20,04:05 PM,04:05 PM,FALSE,TRUE,02/23/20,12:05 PM,12:05 PM,FREE,BUSY
02/23/20,01:05 PM,01:05 PM,Tigers at Braves,CoolToday Park - North Port,"Local TV: FS-D",02/23/20,02/23/20,04:05 PM,04:05 PM,FALSE,TRUE,02/23/20,12:05 PM,12:05 PM,FREE,BUSY
02/24/20,01:05 PM,01:05 PM,Astros at Tigers,Publix Field at Joker Marchant Stadium - Lakeland,"Local Radio: WXYT 1270",02/24/20,02/24/20,04:05 PM,04:05 PM,FALSE,TRUE,02/24/20,12:05 PM,12:05 PM,FREE,BUSY
02/25/20,01:05 PM,01:05 PM,Mets at Tigers,Publix Field at Joker Marchant Stadium - Lakeland,"Local Radio: WXYT 1270",02/25/20,02/25/20,04:05 PM,04:05 PM,FALSE,TRUE,02/25/20,12:05 PM,12:05 PM,FREE,BUSY
02/27/20,01:05 PM,01:05 PM,Tigers at Rays,Charlotte Sports Park - Port Charlotte,"",02/27/20,02/27/20,04:05 PM,04:05 PM,FALSE,TRUE,02/27/20,12:05 PM,12:05 PM,FREE,BUSY
02/28/20,01:05 PM,01:05 PM,Blue Jays at Tigers,Publix Field at Joker Marchant Stadium - Lakeland,"Local TV: FS-D ----- Local Radio: WXYT 1270",02/28/20,02/28/20,04:05 PM,04:05 PM,FALSE,TRUE,02/28/20,12:05 PM,12:05 PM,FREE,BUSY
02/29/20,01:05 PM,01:05 PM,Tigers at Yankees,George M. Steinbrenner Field - Tampa,"Local TV: FS-D ----- Local Radio: WXYT 97.1 FM",02/29/20,02/29/20,04:05 PM,04:05 PM,FALSE,TRUE,02/29/20,12:05 PM,12:05 PM,FREE,BUSY
03/01/20,01:05 PM,01:05 PM,Yankees at Tigers,Publix Field at Joker Marchant Stadium - Lakeland,"Local Radio: WXYT 97.1 FM",03/01/20,03/01/20,04:05 PM,04:05 PM,FALSE,TRUE,03/01/20,12:05 PM,12:05 PM,FREE,BUSY
03/02/20,01:05 PM,01:05 PM,Red Sox at Tigers,Publix Field at Joker Marchant Stadium - Lakeland,"Local Radio: WXYT 1270",03/02/20,03/02/20,04:05 PM,04:05 PM,FALSE,TRUE,03/02/20,12:05 PM,12:05 PM,FREE,BUSY
03/03/20,01:05 PM,01:05 PM,Tigers at Twins,CenturyLink Sports Complex - Fort Myers,"Local TV: FS-D",03/03/20,03/03/20,04:05 PM,04:05 PM,FALSE,TRUE,03/03/20,12:05 PM,12:05 PM,FREE,BUSY
03/04/20,01:05 PM,01:05 PM,Tigers at Red Sox,JetBlue Park - Ft. Myers,"",03/04/20,03/04/20,04:05 PM,04:05 PM,FALSE,TRUE,03/04/20,12:05 PM,12:05 PM,FREE,BUSY
03/05/20,01:05 PM,01:05 PM,Yankees at Tigers,Publix Field at Joker Marchant Stadium - Lakeland,"Local TV: FS-D- MLBN (out-of-market only) ----- Local Radio: WXYT 1270",03/05/20,03/05/20,04:05 PM,04:05 PM,FALSE,TRUE,03/05/20,12:05 PM,12:05 PM,FREE,BUSY
03/06/20,01:05 PM,01:05 PM,Phillies at Tigers,Publix Field at Joker Marchant Stadium - Lakeland,"Local Radio: WXYT 1270",03/06/20,03/06/20,04:05 PM,04:05 PM,FALSE,TRUE,03/06/20,12:05 PM,12:05 PM,FREE,BUSY
03/07/20,11:35 AM,11:35 AM,Twins at Tigers,Estadio Quisqueya Juan Marichal - Santo Domingo,"",03/07/20,03/07/20,02:35 PM,02:35 PM,FALSE,TRUE,03/07/20,10:35 AM,10:35 AM,FREE,BUSY
03/08/20,01:05 PM,01:05 PM,Tigers at Nationals,FITTEAM Ballpark of the Palm Beaches - West Palm Beach,"",03/08/20,03/08/20,04:05 PM,04:05 PM,FALSE,TRUE,03/08/20,12:05 PM,12:05 PM,FREE,BUSY
03/09/20,01:05 PM,01:05 PM,Tigers at Astros,FITTEAM Ballpark of the Palm Beaches - West Palm Beach,"",03/09/20,03/09/20,04:05 PM,04:05 PM,FALSE,TRUE,03/09/20,12:05 PM,12:05 PM,FREE,BUSY
03/10/20,01:05 PM,01:05 PM,Pirates at Tigers,Publix Field at Joker Marchant Stadium - Lakeland,"Local TV: FS-D- MLBN (out-of-market only) ----- Local Radio: WXYT 1270",03/10/20,03/10/20,04:05 PM,04:05 PM,FALSE,TRUE,03/10/20,12:05 PM,12:05 PM,FREE,BUSY
03/12/20,01:05 PM,01:05 PM,Braves at Tigers,Publix Field at Joker Marchant Stadium - Lakeland,"Local Radio: WXYT 1270",03/12/20,03/12/20,04:05 PM,04:05 PM,FALSE,TRUE,03/12/20,12:05 PM,12:05 PM,FREE,BUSY
03/26/20,01:10 PM,01:10 PM,Tigers at Indians,Progressive Field - Cleveland,"Local TV: FS-D",03/26/20,03/26/20,04:10 PM,04:10 PM,FALSE,TRUE,03/26/20,12:10 PM,12:10 PM,FREE,BUSY
03/28/20,01:10 PM,01:10 PM,Tigers at Indians,Progressive Field - Cleveland,"Local TV: FS-D",03/28/20,03/28/20,04:10 PM,04:10 PM,FALSE,TRUE,03/28/20,12:10 PM,12:10 PM,FREE,BUSY
03/29/20,01:10 PM,01:10 PM,Tigers at Indians,Progressive Field - Cleveland,"Local TV: FS-D",03/29/20,03/29/20,04:10 PM,04:10 PM,FALSE,TRUE,03/29/20,12:10 PM,12:10 PM,FREE,BUSY
03/30/20,01:10 PM,01:10 PM,Royals at Tigers,Comerica Park - Detroit,"Local TV: FS-D",03/30/20,03/30/20,04:10 PM,04:10 PM,FALSE,TRUE,03/30/20,12:10 PM,12:10 PM,FREE,BUSY
04/01/20,01:10 PM,01:10 PM,Royals at Tigers,Comerica Park - Detroit,"Local TV: FS-D",04/01/20,04/01/20,04:10 PM,04:10 PM,FALSE,TRUE,04/01/20,12:10 PM,12:10 PM,FREE,BUSY
04/02/20,01:10 PM,01:10 PM,Indians at Tigers,Comerica Park - Detroit,"Local TV: FS-D",04/02/20,04/02/20,04:10 PM,04:10 PM,FALSE,TRUE,04/02/20,12:10 PM,12:10 PM,FREE,BUSY
04/03/20,01:10 PM,01:10 PM,Indians at Tigers,Comerica Park - Detroit,"Local TV: FS-D",04/03/20,04/03/20,04:10 PM,04:10 PM,FALSE,TRUE,04/03/20,12:10 PM,12:10 PM,FREE,BUSY
04/04/20,01:10 PM,01:10 PM,Indians at Tigers,Comerica Park - Detroit,"Local TV: FS-D",04/04/20,04/04/20,04:10 PM,04:10 PM,FALSE,TRUE,04/04/20,12:10 PM,12:10 PM,FREE,BUSY
04/05/20,01:10 PM,01:10 PM,Indians at Tigers,Comerica Park - Detroit,"Local TV: FS-D",04/05/20,04/05/20,04:10 PM,04:10 PM,FALSE,TRUE,04/05/20,12:10 PM,12:10 PM,FREE,BUSY
04/06/20,08:05 PM,08:05 PM,Tigers at Royals,Kauffman Stadium - Kansas City,"Local TV: FS-D",04/06/20,04/06/20,11:05 PM,11:05 PM,FALSE,TRUE,04/06/20,07:05 PM,07:05 PM,FREE,BUSY
04/07/20,08:05 PM,08:05 PM,Tigers at Royals,Kauffman Stadium - Kansas City,"Local TV: FS-D",04/07/20,04/07/20,11:05 PM,11:05 PM,FALSE,TRUE,04/07/20,07:05 PM,07:05 PM,FREE,BUSY
04/08/20,01:35 PM,01:35 PM,Tigers at Royals,Kauffman Stadium - Kansas City,"Local TV: FS-D",04/08/20,04/08/20,04:35 PM,04:35 PM,FALSE,TRUE,04/08/20,12:35 PM,12:35 PM,FREE,BUSY
04/10/20,07:10 PM,07:10 PM,Angels at Tigers,Comerica Park - Detroit,"Local TV: FS-D",04/10/20,04/10/20,10:10 PM,10:10 PM,FALSE,TRUE,04/10/20,06:10 PM,06:10 PM,FREE,BUSY
04/11/20,01:10 PM,01:10 PM,Angels at Tigers,Comerica Park - Detroit,"Local TV: FS-D",04/11/20,04/11/20,04:10 PM,04:10 PM,FALSE,TRUE,04/11/20,12:10 PM,12:10 PM,FREE,BUSY
04/12/20,01:10 PM,01:10 PM,Angels at Tigers,Comerica Park - Detroit,"Local TV: FS-D",04/12/20,04/12/20,04:10 PM,04:10 PM,FALSE,TRUE,04/12/20,12:10 PM,12:10 PM,FREE,BUSY
04/14/20,06:10 PM,06:10 PM,Tigers at Indians,Progressive Field - Cleveland,"Local TV: FS-D",04/14/20,04/14/20,09:10 PM,09:10 PM,FALSE,TRUE,04/14/20,05:10 PM,05:10 PM,FREE,BUSY
04/15/20,06:10 PM,06:10 PM,Tigers at Indians,Progressive Field - Cleveland,"Local TV: FS-D",04/15/20,04/15/20,09:10 PM,09:10 PM,FALSE,TRUE,04/15/20,05:10 PM,05:10 PM,FREE,BUSY
04/16/20,01:10 PM,01:10 PM,Tigers at Indians,Progressive Field - Cleveland,"Local TV: FS-D",04/16/20,04/16/20,04:10 PM,04:10 PM,FALSE,TRUE,04/16/20,12:10 PM,12:10 PM,FREE,BUSY
04/17/20,08:10 PM,08:10 PM,Tigers at Twins,Target Field - Minneapolis,"Local TV: FS-D",04/17/20,04/17/20,11:10 PM,11:10 PM,FALSE,TRUE,04/17/20,07:10 PM,07:10 PM,FREE,BUSY
04/18/20,02:10 PM,02:10 PM,Tigers at Twins,Target Field - Minneapolis,"Local TV: FS-D",04/18/20,04/18/20,05:10 PM,05:10 PM,FALSE,TRUE,04/18/20,01:10 PM,01:10 PM,FREE,BUSY
04/19/20,02:10 PM,02:10 PM,Tigers at Twins,Target Field - Minneapolis,"Local TV: FS-D",04/19/20,04/19/20,05:10 PM,05:10 PM,FALSE,TRUE,04/19/20,01:10 PM,01:10 PM,FREE,BUSY
04/20/20,06:40 PM,06:40 PM,Yankees at Tigers,Comerica Park - Detroit,"Local TV: FS-D",04/20/20,04/20/20,09:40 PM,09:40 PM,FALSE,TRUE,04/20/20,05:40 PM,05:40 PM,FREE,BUSY
04/21/20,06:40 PM,06:40 PM,Yankees at Tigers,Comerica Park - Detroit,"Local TV: FS-D",04/21/20,04/21/20,09:40 PM,09:40 PM,FALSE,TRUE,04/21/20,05:40 PM,05:40 PM,FREE,BUSY
04/22/20,06:40 PM,06:40 PM,Yankees at Tigers,Comerica Park - Detroit,"Local TV: FS-D",04/22/20,04/22/20,09:40 PM,09:40 PM,FALSE,TRUE,04/22/20,05:40 PM,05:40 PM,FREE,BUSY
04/23/20,01:10 PM,01:10 PM,Yankees at Tigers,Comerica Park - Detroit,"Local TV: FS-D",04/23/20,04/23/20,04:10 PM,04:10 PM,FALSE,TRUE,04/23/20,12:10 PM,12:10 PM,FREE,BUSY
04/24/20,07:10 PM,07:10 PM,Padres at Tigers,Comerica Park - Detroit,"Local TV: FS-D",04/24/20,04/24/20,10:10 PM,10:10 PM,FALSE,TRUE,04/24/20,06:10 PM,06:10 PM,FREE,BUSY
04/25/20,01:10 PM,01:10 PM,Padres at Tigers,Comerica Park - Detroit,"Local TV: FS-D",04/25/20,04/25/20,04:10 PM,04:10 PM,FALSE,TRUE,04/25/20,12:10 PM,12:10 PM,FREE,BUSY
04/26/20,01:10 PM,01:10 PM,Padres at Tigers,Comerica Park - Detroit,"Local TV: FS-D",04/26/20,04/26/20,04:10 PM,04:10 PM,FALSE,TRUE,04/26/20,12:10 PM,12:10 PM,FREE,BUSY
04/28/20,06:35 PM,06:35 PM,Tigers at Yankees,Yankee Stadium - Bronx,"Local TV: FS-D",04/28/20,04/28/20,09:35 PM,09:35 PM,FALSE,TRUE,04/28/20,05:35 PM,05:35 PM,FREE,BUSY
04/29/20,06:35 PM,06:35 PM,Tigers at Yankees,Yankee Stadium - Bronx,"Local TV: FS-D",04/29/20,04/29/20,09:35 PM,09:35 PM,FALSE,TRUE,04/29/20,05:35 PM,05:35 PM,FREE,BUSY
04/30/20,06:35 PM,06:35 PM,Tigers at Yankees,Yankee Stadium - Bronx,"Local TV: FS-D",04/30/20,04/30/20,09:35 PM,09:35 PM,FALSE,TRUE,04/30/20,05:35 PM,05:35 PM,FREE,BUSY
05/01/20,08:05 PM,08:05 PM,Tigers at Royals,Kauffman Stadium - Kansas City,"Local TV: FS-D",05/01/20,05/01/20,11:05 PM,11:05 PM,FALSE,TRUE,05/01/20,07:05 PM,07:05 PM,FREE,BUSY
05/02/20,07:05 PM,07:05 PM,Tigers at Royals,Kauffman Stadium - Kansas City,"Local TV: FS-D",05/02/20,05/02/20,10:05 PM,10:05 PM,FALSE,TRUE,05/02/20,06:05 PM,06:05 PM,FREE,BUSY
05/03/20,02:05 PM,02:05 PM,Tigers at Royals,Kauffman Stadium - Kansas City,"Local TV: FS-D",05/03/20,05/03/20,05:05 PM,05:05 PM,FALSE,TRUE,05/03/20,01:05 PM,01:05 PM,FREE,BUSY
05/04/20,07:10 PM,07:10 PM,Rockies at Tigers,Comerica Park - Detroit,"Local TV: FS-D",05/04/20,05/04/20,10:10 PM,10:10 PM,FALSE,TRUE,05/04/20,06:10 PM,06:10 PM,FREE,BUSY
05/05/20,07:10 PM,07:10 PM,Rockies at Tigers,Comerica Park - Detroit,"Local TV: FS-D",05/05/20,05/05/20,10:10 PM,10:10 PM,FALSE,TRUE,05/05/20,06:10 PM,06:10 PM,FREE,BUSY
05/06/20,01:10 PM,01:10 PM,Rockies at Tigers,Comerica Park - Detroit,"Local TV: FS-D",05/06/20,05/06/20,04:10 PM,04:10 PM,FALSE,TRUE,05/06/20,12:10 PM,12:10 PM,FREE,BUSY
05/08/20,07:10 PM,07:10 PM,Indians at Tigers,Comerica Park - Detroit,"Local TV: FS-D",05/08/20,05/08/20,10:10 PM,10:10 PM,FALSE,TRUE,05/08/20,06:10 PM,06:10 PM,FREE,BUSY
05/09/20,04:10 PM,04:10 PM,Indians at Tigers,Comerica Park - Detroit,"Local TV: FS-D",05/09/20,05/09/20,07:10 PM,07:10 PM,FALSE,TRUE,05/09/20,03:10 PM,03:10 PM,FREE,BUSY
05/10/20,01:10 PM,01:10 PM,Indians at Tigers,Comerica Park - Detroit,"Local TV: FS-D",05/10/20,05/10/20,04:10 PM,04:10 PM,FALSE,TRUE,05/10/20,12:10 PM,12:10 PM,FREE,BUSY
05/11/20,07:10 PM,07:10 PM,Twins at Tigers,Comerica Park - Detroit,"Local TV: FS-D",05/11/20,05/11/20,10:10 PM,10:10 PM,FALSE,TRUE,05/11/20,06:10 PM,06:10 PM,FREE,BUSY
05/12/20,07:10 PM,07:10 PM,Twins at Tigers,Comerica Park - Detroit,"Local TV: FS-D",05/12/20,05/12/20,10:10 PM,10:10 PM,FALSE,TRUE,05/12/20,06:10 PM,06:10 PM,FREE,BUSY
05/13/20,07:10 PM,07:10 PM,Twins at Tigers,Comerica Park - Detroit,"Local TV: FS-D",05/13/20,05/13/20,10:10 PM,10:10 PM,FALSE,TRUE,05/13/20,06:10 PM,06:10 PM,FREE,BUSY
05/14/20,01:10 PM,01:10 PM,Twins at Tigers,Comerica Park - Detroit,"Local TV: FS-D",05/14/20,05/14/20,04:10 PM,04:10 PM,FALSE,TRUE,05/14/20,12:10 PM,12:10 PM,FREE,BUSY
05/15/20,10:10 PM,10:10 PM,Tigers at Mariners,T-Mobile Park - Seattle,"Local TV: FS-D",05/16/20,05/16/20,01:10 AM,01:10 AM,FALSE,TRUE,05/15/20,09:10 PM,09:10 PM,FREE,BUSY
05/16/20,09:10 PM,09:10 PM,Tigers at Mariners,T-Mobile Park - Seattle,"Local TV: FS-D",05/17/20,05/17/20,12:10 AM,12:10 AM,FALSE,TRUE,05/16/20,08:10 PM,08:10 PM,FREE,BUSY
05/17/20,04:10 PM,04:10 PM,Tigers at Mariners,T-Mobile Park - Seattle,"Local TV: FS-D",05/17/20,05/17/20,07:10 PM,07:10 PM,FALSE,TRUE,05/17/20,03:10 PM,03:10 PM,FREE,BUSY
05/19/20,09:45 PM,09:45 PM,Tigers at Giants,Oracle Park - San Francisco,"Local TV: FS-D",05/20/20,05/20/20,12:45 AM,12:45 AM,FALSE,TRUE,05/19/20,08:45 PM,08:45 PM,FREE,BUSY
05/20/20,03:45 PM,03:45 PM,Tigers at Giants,Oracle Park - San Francisco,"Local TV: FS-D",05/20/20,05/20/20,06:45 PM,06:45 PM,FALSE,TRUE,05/20/20,02:45 PM,02:45 PM,FREE,BUSY
05/22/20,07:10 PM,07:10 PM,Rays at Tigers,Comerica Park - Detroit,"Local TV: FS-D",05/22/20,05/22/20,10:10 PM,10:10 PM,FALSE,TRUE,05/22/20,06:10 PM,06:10 PM,FREE,BUSY
05/23/20,04:10 PM,04:10 PM,Rays at Tigers,Comerica Park - Detroit,"Local TV: FS-D",05/23/20,05/23/20,07:10 PM,07:10 PM,FALSE,TRUE,05/23/20,03:10 PM,03:10 PM,FREE,BUSY
05/24/20,01:10 PM,01:10 PM,Rays at Tigers,Comerica Park - Detroit,"Local TV: FS-D",05/24/20,05/24/20,04:10 PM,04:10 PM,FALSE,TRUE,05/24/20,12:10 PM,12:10 PM,FREE,BUSY
05/25/20,01:10 PM,01:10 PM,Rays at Tigers,Comerica Park - Detroit,"Local TV: FS-D",05/25/20,05/25/20,04:10 PM,04:10 PM,FALSE,TRUE,05/25/20,12:10 PM,12:10 PM,FREE,BUSY
05/26/20,07:10 PM,07:10 PM,Mariners at Tigers,Comerica Park - Detroit,"Local TV: FS-D",05/26/20,05/26/20,10:10 PM,10:10 PM,FALSE,TRUE,05/26/20,06:10 PM,06:10 PM,FREE,BUSY
05/27/20,07:10 PM,07:10 PM,Mariners at Tigers,Comerica Park - Detroit,"Local TV: FS-D",05/27/20,05/27/20,10:10 PM,10:10 PM,FALSE,TRUE,05/27/20,06:10 PM,06:10 PM,FREE,BUSY
05/28/20,01:10 PM,01:10 PM,Mariners at Tigers,Comerica Park - Detroit,"Local TV: FS-D",05/28/20,05/28/20,04:10 PM,04:10 PM,FALSE,TRUE,05/28/20,12:10 PM,12:10 PM,FREE,BUSY
05/29/20,09:40 PM,09:40 PM,Tigers at D-backs,Chase Field - Phoenix,"Local TV: FS-D",05/30/20,05/30/20,12:40 AM,12:40 AM,FALSE,TRUE,05/29/20,08:40 PM,08:40 PM,FREE,BUSY
05/30/20,10:10 PM,10:10 PM,Tigers at D-backs,Chase Field - Phoenix,"Local TV: FS-D",05/31/20,05/31/20,01:10 AM,01:10 AM,FALSE,TRUE,05/30/20,09:10 PM,09:10 PM,FREE,BUSY
05/31/20,04:10 PM,04:10 PM,Tigers at D-backs,Chase Field - Phoenix,"Local TV: FS-D",05/31/20,05/31/20,07:10 PM,07:10 PM,FALSE,TRUE,05/31/20,03:10 PM,03:10 PM,FREE,BUSY
06/02/20,10:07 PM,10:07 PM,Tigers at Athletics,Oakland Coliseum - Oakland,"Local TV: FS-D",06/03/20,06/03/20,01:07 AM,01:07 AM,FALSE,TRUE,06/02/20,09:07 PM,09:07 PM,FREE,BUSY
06/03/20,10:07 PM,10:07 PM,Tigers at Athletics,Oakland Coliseum - Oakland,"Local TV: FS-D",06/04/20,06/04/20,01:07 AM,01:07 AM,FALSE,TRUE,06/03/20,09:07 PM,09:07 PM,FREE,BUSY
06/04/20,03:37 PM,03:37 PM,Tigers at Athletics,Oakland Coliseum - Oakland,"Local TV: FS-D",06/04/20,06/04/20,06:37 PM,06:37 PM,FALSE,TRUE,06/04/20,02:37 PM,02:37 PM,FREE,BUSY
06/05/20,08:10 PM,08:10 PM,Tigers at White Sox,Guaranteed Rate Field - Chicago,"Local TV: FS-D",06/05/20,06/05/20,11:10 PM,11:10 PM,FALSE,TRUE,06/05/20,07:10 PM,07:10 PM,FREE,BUSY
06/06/20,02:10 PM,02:10 PM,Tigers at White Sox,Guaranteed Rate Field - Chicago,"Local TV: FS-D",06/06/20,06/06/20,05:10 PM,05:10 PM,FALSE,TRUE,06/06/20,01:10 PM,01:10 PM,FREE,BUSY
06/07/20,02:10 PM,02:10 PM,Tigers at White Sox,Guaranteed Rate Field - Chicago,"Local TV: FS-D",06/07/20,06/07/20,05:10 PM,05:10 PM,FALSE,TRUE,06/07/20,01:10 PM,01:10 PM,FREE,BUSY
06/09/20,07:10 PM,07:10 PM,Athletics at Tigers,Comerica Park - Detroit,"Local TV: FS-D",06/09/20,06/09/20,10:10 PM,10:10 PM,FALSE,TRUE,06/09/20,06:10 PM,06:10 PM,FREE,BUSY
06/10/20,07:10 PM,07:10 PM,Athletics at Tigers,Comerica Park - Detroit,"Local TV: FS-D",06/10/20,06/10/20,10:10 PM,10:10 PM,FALSE,TRUE,06/10/20,06:10 PM,06:10 PM,FREE,BUSY
06/11/20,01:10 PM,01:10 PM,Athletics at Tigers,Comerica Park - Detroit,"Local TV: FS-D",06/11/20,06/11/20,04:10 PM,04:10 PM,FALSE,TRUE,06/11/20,12:10 PM,12:10 PM,FREE,BUSY
06/12/20,07:10 PM,07:10 PM,Blue Jays at Tigers,Comerica Park - Detroit,"Local TV: FS-D",06/12/20,06/12/20,10:10 PM,10:10 PM,FALSE,TRUE,06/12/20,06:10 PM,06:10 PM,FREE,BUSY
06/13/20,04:10 PM,04:10 PM,Blue Jays at Tigers,Comerica Park - Detroit,"Local TV: FS-D",06/13/20,06/13/20,07:10 PM,07:10 PM,FALSE,TRUE,06/13/20,03:10 PM,03:10 PM,FREE,BUSY
06/14/20,01:10 PM,01:10 PM,Blue Jays at Tigers,Comerica Park - Detroit,"Local TV: FS-D",06/14/20,06/14/20,04:10 PM,04:10 PM,FALSE,TRUE,06/14/20,12:10 PM,12:10 PM,FREE,BUSY
06/16/20,07:10 PM,07:10 PM,White Sox at Tigers,Comerica Park - Detroit,"Local TV: FS-D",06/16/20,06/16/20,10:10 PM,10:10 PM,FALSE,TRUE,06/16/20,06:10 PM,06:10 PM,FREE,BUSY
06/17/20,07:10 PM,07:10 PM,White Sox at Tigers,Comerica Park - Detroit,"Local TV: FS-D",06/17/20,06/17/20,10:10 PM,10:10 PM,FALSE,TRUE,06/17/20,06:10 PM,06:10 PM,FREE,BUSY
06/18/20,01:10 PM,01:10 PM,White Sox at Tigers,Comerica Park - Detroit,"Local TV: FS-D",06/18/20,06/18/20,04:10 PM,04:10 PM,FALSE,TRUE,06/18/20,12:10 PM,12:10 PM,FREE,BUSY
06/19/20,10:10 PM,10:10 PM,Tigers at Dodgers,Dodger Stadium - Los Angeles,"Local TV: FS-D",06/20/20,06/20/20,01:10 AM,01:10 AM,FALSE,TRUE,06/19/20,09:10 PM,09:10 PM,FREE,BUSY
06/20/20,10:10 PM,10:10 PM,Tigers at Dodgers,Dodger Stadium - Los Angeles,"Local TV: FS-D",06/21/20,06/21/20,01:10 AM,01:10 AM,FALSE,TRUE,06/20/20,09:10 PM,09:10 PM,FREE,BUSY
06/21/20,04:10 PM,04:10 PM,Tigers at Dodgers,Dodger Stadium - Los Angeles,"Local TV: FS-D",06/21/20,06/21/20,07:10 PM,07:10 PM,FALSE,TRUE,06/21/20,03:10 PM,03:10 PM,FREE,BUSY
06/22/20,08:10 PM,08:10 PM,Tigers at White Sox,Guaranteed Rate Field - Chicago,"Local TV: FS-D",06/22/20,06/22/20,11:10 PM,11:10 PM,FALSE,TRUE,06/22/20,07:10 PM,07:10 PM,FREE,BUSY
06/23/20,08:10 PM,08:10 PM,Tigers at White Sox,Guaranteed Rate Field - Chicago,"Local TV: FS-D",06/23/20,06/23/20,11:10 PM,11:10 PM,FALSE,TRUE,06/23/20,07:10 PM,07:10 PM,FREE,BUSY
06/24/20,08:10 PM,08:10 PM,Tigers at White Sox,Guaranteed Rate Field - Chicago,"Local TV: FS-D",06/24/20,06/24/20,11:10 PM,11:10 PM,FALSE,TRUE,06/24/20,07:10 PM,07:10 PM,FREE,BUSY
06/25/20,08:10 PM,08:10 PM,Tigers at White Sox,Guaranteed Rate Field - Chicago,"Local TV: FS-D",06/25/20,06/25/20,11:10 PM,11:10 PM,FALSE,TRUE,06/25/20,07:10 PM,07:10 PM,FREE,BUSY
06/26/20,07:05 PM,07:05 PM,Tigers at Orioles,Oriole Park at Camden Yards - Baltimore,"Local TV: FS-D",06/26/20,06/26/20,10:05 PM,10:05 PM,FALSE,TRUE,06/26/20,06:05 PM,06:05 PM,FREE,BUSY
06/27/20,04:05 PM,04:05 PM,Tigers at Orioles,Oriole Park at Camden Yards - Baltimore,"Local TV: FS-D",06/27/20,06/27/20,07:05 PM,07:05 PM,FALSE,TRUE,06/27/20,03:05 PM,03:05 PM,FREE,BUSY
06/28/20,01:05 PM,01:05 PM,Tigers at Orioles,Oriole Park at Camden Yards - Baltimore,"Local TV: FS-D",06/28/20,06/28/20,04:05 PM,04:05 PM,FALSE,TRUE,06/28/20,12:05 PM,12:05 PM,FREE,BUSY
06/30/20,07:10 PM,07:10 PM,Twins at Tigers,Comerica Park - Detroit,"Local TV: FS-D",06/30/20,06/30/20,10:10 PM,10:10 PM,FALSE,TRUE,06/30/20,06:10 PM,06:10 PM,FREE,BUSY
07/01/20,07:10 PM,07:10 PM,Twins at Tigers,Comerica Park - Detroit,"Local TV: FS-D",07/01/20,07/01/20,10:10 PM,10:10 PM,FALSE,TRUE,07/01/20,06:10 PM,06:10 PM,FREE,BUSY
07/02/20,01:10 PM,01:10 PM,Twins at Tigers,Comerica Park - Detroit,"Local TV: FS-D",07/02/20,07/02/20,04:10 PM,04:10 PM,FALSE,TRUE,07/02/20,12:10 PM,12:10 PM,FREE,BUSY
07/03/20,07:10 PM,07:10 PM,Royals at Tigers,Comerica Park - Detroit,"Local TV: FS-D",07/03/20,07/03/20,10:10 PM,10:10 PM,FALSE,TRUE,07/03/20,06:10 PM,06:10 PM,FREE,BUSY
07/04/20,04:10 PM,04:10 PM,Royals at Tigers,Comerica Park - Detroit,"",07/04/20,07/04/20,07:10 PM,07:10 PM,FALSE,TRUE,07/04/20,03:10 PM,03:10 PM,FREE,BUSY
07/05/20,01:10 PM,01:10 PM,Royals at Tigers,Comerica Park - Detroit,"Local TV: FS-D",07/05/20,07/05/20,04:10 PM,04:10 PM,FALSE,TRUE,07/05/20,12:10 PM,12:10 PM,FREE,BUSY
07/06/20,10:07 PM,10:07 PM,Tigers at Angels,Angel Stadium - Anaheim,"Local TV: FS-D",07/07/20,07/07/20,01:07 AM,01:07 AM,FALSE,TRUE,07/06/20,09:07 PM,09:07 PM,FREE,BUSY
07/07/20,10:07 PM,10:07 PM,Tigers at Angels,Angel Stadium - Anaheim,"Local TV: FS-D",07/08/20,07/08/20,01:07 AM,01:07 AM,FALSE,TRUE,07/07/20,09:07 PM,09:07 PM,FREE,BUSY
07/08/20,10:07 PM,10:07 PM,Tigers at Angels,Angel Stadium - Anaheim,"Local TV: FS-D",07/09/20,07/09/20,01:07 AM,01:07 AM,FALSE,TRUE,07/08/20,09:07 PM,09:07 PM,FREE,BUSY
07/09/20,09:07 PM,09:07 PM,Tigers at Angels,Angel Stadium - Anaheim,"Local TV: FS-D",07/10/20,07/10/20,12:07 AM,12:07 AM,FALSE,TRUE,07/09/20,08:07 PM,08:07 PM,FREE,BUSY
07/10/20,08:10 PM,08:10 PM,Tigers at Astros,Minute Maid Park - Houston,"Local TV: FS-D",07/10/20,07/10/20,11:10 PM,11:10 PM,FALSE,TRUE,07/10/20,07:10 PM,07:10 PM,FREE,BUSY
07/11/20,04:10 PM,04:10 PM,Tigers at Astros,Minute Maid Park - Houston,"Local TV: FS-D",07/11/20,07/11/20,07:10 PM,07:10 PM,FALSE,TRUE,07/11/20,03:10 PM,03:10 PM,FREE,BUSY
07/12/20,02:10 PM,02:10 PM,Tigers at Astros,Minute Maid Park - Houston,"Local TV: FS-D",07/12/20,07/12/20,05:10 PM,05:10 PM,FALSE,TRUE,07/12/20,01:10 PM,01:10 PM,FREE,BUSY
07/14/20,,,AL All-Stars at NL All-Stars - Time TBD,Dodger Stadium - Los Angeles,"",07/14/20,07/14/20,,,FALSE,TRUE,07/14/20,,,FREE,BUSY
07/17/20,07:10 PM,07:10 PM,White Sox at Tigers,Comerica Park - Detroit,"Local TV: FS-D",07/17/20,07/17/20,10:10 PM,10:10 PM,FALSE,TRUE,07/17/20,06:10 PM,06:10 PM,FREE,BUSY
07/18/20,06:10 PM,06:10 PM,White Sox at Tigers,Comerica Park - Detroit,"Local TV: FS-D",07/18/20,07/18/20,09:10 PM,09:10 PM,FALSE,TRUE,07/18/20,05:10 PM,05:10 PM,FREE,BUSY
07/19/20,01:10 PM,01:10 PM,White Sox at Tigers,Comerica Park - Detroit,"Local TV: FS-D",07/19/20,07/19/20,04:10 PM,04:10 PM,FALSE,TRUE,07/19/20,12:10 PM,12:10 PM,FREE,BUSY
07/21/20,07:10 PM,07:10 PM,Indians at Tigers,Comerica Park - Detroit,"Local TV: FS-D",07/21/20,07/21/20,10:10 PM,10:10 PM,FALSE,TRUE,07/21/20,06:10 PM,06:10 PM,FREE,BUSY
07/22/20,07:10 PM,07:10 PM,Indians at Tigers,Comerica Park - Detroit,"Local TV: FS-D",07/22/20,07/22/20,10:10 PM,10:10 PM,FALSE,TRUE,07/22/20,06:10 PM,06:10 PM,FREE,BUSY
07/23/20,01:10 PM,01:10 PM,Indians at Tigers,Comerica Park - Detroit,"Local TV: FS-D",07/23/20,07/23/20,04:10 PM,04:10 PM,FALSE,TRUE,07/23/20,12:10 PM,12:10 PM,FREE,BUSY
07/24/20,07:10 PM,07:10 PM,Tigers at Rays,Tropicana Field - St. Petersburg,"Local TV: FS-D",07/24/20,07/24/20,10:10 PM,10:10 PM,FALSE,TRUE,07/24/20,06:10 PM,06:10 PM,FREE,BUSY
07/25/20,01:10 PM,01:10 PM,Tigers at Rays,Tropicana Field - St. Petersburg,"Local TV: FS-D",07/25/20,07/25/20,04:10 PM,04:10 PM,FALSE,TRUE,07/25/20,12:10 PM,12:10 PM,FREE,BUSY
07/26/20,01:10 PM,01:10 PM,Tigers at Rays,Tropicana Field - St. Petersburg,"Local TV: FS-D",07/26/20,07/26/20,04:10 PM,04:10 PM,FALSE,TRUE,07/26/20,12:10 PM,12:10 PM,FREE,BUSY
07/27/20,08:10 PM,08:10 PM,Tigers at White Sox,Guaranteed Rate Field - Chicago,"Local TV: FS-D",07/27/20,07/27/20,11:10 PM,11:10 PM,FALSE,TRUE,07/27/20,07:10 PM,07:10 PM,FREE,BUSY
07/28/20,08:10 PM,08:10 PM,Tigers at White Sox,Guaranteed Rate Field - Chicago,"Local TV: FS-D",07/28/20,07/28/20,11:10 PM,11:10 PM,FALSE,TRUE,07/28/20,07:10 PM,07:10 PM,FREE,BUSY
07/29/20,02:10 PM,02:10 PM,Tigers at White Sox,Guaranteed Rate Field - Chicago,"Local TV: FS-D",07/29/20,07/29/20,05:10 PM,05:10 PM,FALSE,TRUE,07/29/20,01:10 PM,01:10 PM,FREE,BUSY
07/30/20,07:10 PM,07:10 PM,Royals at Tigers,Comerica Park - Detroit,"Local TV: FS-D",07/30/20,07/30/20,10:10 PM,10:10 PM,FALSE,TRUE,07/30/20,06:10 PM,06:10 PM,FREE,BUSY
07/31/20,07:10 PM,07:10 PM,Royals at Tigers,Comerica Park - Detroit,"Local TV: FS-D",07/31/20,07/31/20,10:10 PM,10:10 PM,FALSE,TRUE,07/31/20,06:10 PM,06:10 PM,FREE,BUSY
08/01/20,06:10 PM,06:10 PM,Royals at Tigers,Comerica Park - Detroit,"Local TV: FS-D",08/01/20,08/01/20,09:10 PM,09:10 PM,FALSE,TRUE,08/01/20,05:10 PM,05:10 PM,FREE,BUSY
08/02/20,01:10 PM,01:10 PM,Royals at Tigers,Comerica Park - Detroit,"Local TV: FS-D",08/02/20,08/02/20,04:10 PM,04:10 PM,FALSE,TRUE,08/02/20,12:10 PM,12:10 PM,FREE,BUSY
08/04/20,07:10 PM,07:10 PM,Giants at Tigers,Comerica Park - Detroit,"Local TV: FS-D",08/04/20,08/04/20,10:10 PM,10:10 PM,FALSE,TRUE,08/04/20,06:10 PM,06:10 PM,FREE,BUSY
08/05/20,01:10 PM,01:10 PM,Giants at Tigers,Comerica Park - Detroit,"Local TV: FS-D",08/05/20,08/05/20,04:10 PM,04:10 PM,FALSE,TRUE,08/05/20,12:10 PM,12:10 PM,FREE,BUSY
08/06/20,08:05 PM,08:05 PM,Tigers at Rangers,Globe Life Field - Arlington,"Local TV: FS-D",08/06/20,08/06/20,11:05 PM,11:05 PM,FALSE,TRUE,08/06/20,07:05 PM,07:05 PM,FREE,BUSY
08/07/20,08:05 PM,08:05 PM,Tigers at Rangers,Globe Life Field - Arlington,"Local TV: FS-D",08/07/20,08/07/20,11:05 PM,11:05 PM,FALSE,TRUE,08/07/20,07:05 PM,07:05 PM,FREE,BUSY
08/08/20,07:05 PM,07:05 PM,Tigers at Rangers,Globe Life Field - Arlington,"Local TV: FS-D",08/08/20,08/08/20,10:05 PM,10:05 PM,FALSE,TRUE,08/08/20,06:05 PM,06:05 PM,FREE,BUSY
08/09/20,02:35 PM,02:35 PM,Tigers at Rangers,Globe Life Field - Arlington,"Local TV: FS-D",08/09/20,08/09/20,05:35 PM,05:35 PM,FALSE,TRUE,08/09/20,01:35 PM,01:35 PM,FREE,BUSY
08/11/20,07:10 PM,07:10 PM,Orioles at Tigers,Comerica Park - Detroit,"Local TV: FS-D",08/11/20,08/11/20,10:10 PM,10:10 PM,FALSE,TRUE,08/11/20,06:10 PM,06:10 PM,FREE,BUSY
08/12/20,07:10 PM,07:10 PM,Orioles at Tigers,Comerica Park - Detroit,"Local TV: FS-D",08/12/20,08/12/20,10:10 PM,10:10 PM,FALSE,TRUE,08/12/20,06:10 PM,06:10 PM,FREE,BUSY
08/13/20,01:10 PM,01:10 PM,Orioles at Tigers,Comerica Park - Detroit,"Local TV: FS-D",08/13/20,08/13/20,04:10 PM,04:10 PM,FALSE,TRUE,08/13/20,12:10 PM,12:10 PM,FREE,BUSY
08/14/20,07:10 PM,07:10 PM,Rangers at Tigers,Comerica Park - Detroit,"Local TV: FS-D",08/14/20,08/14/20,10:10 PM,10:10 PM,FALSE,TRUE,08/14/20,06:10 PM,06:10 PM,FREE,BUSY
08/15/20,06:10 PM,06:10 PM,Rangers at Tigers,Comerica Park - Detroit,"Local TV: FS-D",08/15/20,08/15/20,09:10 PM,09:10 PM,FALSE,TRUE,08/15/20,05:10 PM,05:10 PM,FREE,BUSY
08/16/20,01:10 PM,01:10 PM,Rangers at Tigers,Comerica Park - Detroit,"Local TV: FS-D",08/16/20,08/16/20,04:10 PM,04:10 PM,FALSE,TRUE,08/16/20,12:10 PM,12:10 PM,FREE,BUSY
08/18/20,07:05 PM,07:05 PM,Tigers at Pirates,PNC Park - Pittsburgh,"Local TV: FS-D",08/18/20,08/18/20,10:05 PM,10:05 PM,FALSE,TRUE,08/18/20,06:05 PM,06:05 PM,FREE,BUSY
08/19/20,07:05 PM,07:05 PM,Tigers at Pirates,PNC Park - Pittsburgh,"Local TV: FS-D",08/19/20,08/19/20,10:05 PM,10:05 PM,FALSE,TRUE,08/19/20,06:05 PM,06:05 PM,FREE,BUSY
08/21/20,08:10 PM,08:10 PM,Tigers at Twins,Target Field - Minneapolis,"Local TV: FS-D",08/21/20,08/21/20,11:10 PM,11:10 PM,FALSE,TRUE,08/21/20,07:10 PM,07:10 PM,FREE,BUSY
08/22/20,07:10 PM,07:10 PM,Tigers at Twins,Target Field - Minneapolis,"Local TV: FS-D",08/22/20,08/22/20,10:10 PM,10:10 PM,FALSE,TRUE,08/22/20,06:10 PM,06:10 PM,FREE,BUSY
08/23/20,02:10 PM,02:10 PM,Tigers at Twins,Target Field - Minneapolis,"Local TV: FS-D",08/23/20,08/23/20,05:10 PM,05:10 PM,FALSE,TRUE,08/23/20,01:10 PM,01:10 PM,FREE,BUSY
08/24/20,07:10 PM,07:10 PM,Astros at Tigers,Comerica Park - Detroit,"Local TV: FS-D",08/24/20,08/24/20,10:10 PM,10:10 PM,FALSE,TRUE,08/24/20,06:10 PM,06:10 PM,FREE,BUSY
08/25/20,07:10 PM,07:10 PM,Astros at Tigers,Comerica Park - Detroit,"Local TV: FS-D",08/25/20,08/25/20,10:10 PM,10:10 PM,FALSE,TRUE,08/25/20,06:10 PM,06:10 PM,FREE,BUSY
08/26/20,07:10 PM,07:10 PM,Astros at Tigers,Comerica Park - Detroit,"Local TV: FS-D",08/26/20,08/26/20,10:10 PM,10:10 PM,FALSE,TRUE,08/26/20,06:10 PM,06:10 PM,FREE,BUSY
08/27/20,01:10 PM,01:10 PM,Astros at Tigers,Comerica Park - Detroit,"Local TV: FS-D",08/27/20,08/27/20,04:10 PM,04:10 PM,FALSE,TRUE,08/27/20,12:10 PM,12:10 PM,FREE,BUSY
08/28/20,07:10 PM,07:10 PM,Red Sox at Tigers,Comerica Park - Detroit,"Local TV: FS-D",08/28/20,08/28/20,10:10 PM,10:10 PM,FALSE,TRUE,08/28/20,06:10 PM,06:10 PM,FREE,BUSY
08/29/20,06:10 PM,06:10 PM,Red Sox at Tigers,Comerica Park - Detroit,"Local TV: FS-D",08/29/20,08/29/20,09:10 PM,09:10 PM,FALSE,TRUE,08/29/20,05:10 PM,05:10 PM,FREE,BUSY
08/30/20,01:10 PM,01:10 PM,Red Sox at Tigers,Comerica Park - Detroit,"Local TV: FS-D",08/30/20,08/30/20,04:10 PM,04:10 PM,FALSE,TRUE,08/30/20,12:10 PM,12:10 PM,FREE,BUSY
09/01/20,07:07 PM,07:07 PM,Tigers at Blue Jays,Rogers Centre - Toronto,"Local TV: FS-D",09/01/20,09/01/20,10:07 PM,10:07 PM,FALSE,TRUE,09/01/20,06:07 PM,06:07 PM,FREE,BUSY
09/02/20,07:07 PM,07:07 PM,Tigers at Blue Jays,Rogers Centre - Toronto,"Local TV: FS-D",09/02/20,09/02/20,10:07 PM,10:07 PM,FALSE,TRUE,09/02/20,06:07 PM,06:07 PM,FREE,BUSY
09/03/20,07:07 PM,07:07 PM,Tigers at Blue Jays,Rogers Centre - Toronto,"Local TV: FS-D",09/03/20,09/03/20,10:07 PM,10:07 PM,FALSE,TRUE,09/03/20,06:07 PM,06:07 PM,FREE,BUSY
09/04/20,07:10 PM,07:10 PM,Tigers at Red Sox,Fenway Park - Boston,"Local TV: FS-D",09/04/20,09/04/20,10:10 PM,10:10 PM,FALSE,TRUE,09/04/20,06:10 PM,06:10 PM,FREE,BUSY
09/05/20,07:10 PM,07:10 PM,Tigers at Red Sox,Fenway Park - Boston,"Local TV: FS-D",09/05/20,09/05/20,10:10 PM,10:10 PM,FALSE,TRUE,09/05/20,06:10 PM,06:10 PM,FREE,BUSY
09/06/20,01:05 PM,01:05 PM,Tigers at Red Sox,Fenway Park - Boston,"Local TV: FS-D",09/06/20,09/06/20,04:05 PM,04:05 PM,FALSE,TRUE,09/06/20,12:05 PM,12:05 PM,FREE,BUSY
09/07/20,01:05 PM,01:05 PM,Tigers at Red Sox,Fenway Park - Boston,"Local TV: FS-D",09/07/20,09/07/20,04:05 PM,04:05 PM,FALSE,TRUE,09/07/20,12:05 PM,12:05 PM,FREE,BUSY
09/08/20,06:40 PM,06:40 PM,Pirates at Tigers,Comerica Park - Detroit,"Local TV: FS-D",09/08/20,09/08/20,09:40 PM,09:40 PM,FALSE,TRUE,09/08/20,05:40 PM,05:40 PM,FREE,BUSY
09/09/20,01:10 PM,01:10 PM,Pirates at Tigers,Comerica Park - Detroit,"Local TV: FS-D",09/09/20,09/09/20,04:10 PM,04:10 PM,FALSE,TRUE,09/09/20,12:10 PM,12:10 PM,FREE,BUSY
09/11/20,07:10 PM,07:10 PM,Twins at Tigers,Comerica Park - Detroit,"Local TV: FS-D",09/11/20,09/11/20,10:10 PM,10:10 PM,FALSE,TRUE,09/11/20,06:10 PM,06:10 PM,FREE,BUSY
09/12/20,06:10 PM,06:10 PM,Twins at Tigers,Comerica Park - Detroit,"Local TV: FS-D",09/12/20,09/12/20,09:10 PM,09:10 PM,FALSE,TRUE,09/12/20,05:10 PM,05:10 PM,FREE,BUSY
09/13/20,01:10 PM,01:10 PM,Twins at Tigers,Comerica Park - Detroit,"Local TV: FS-D",09/13/20,09/13/20,04:10 PM,04:10 PM,FALSE,TRUE,09/13/20,12:10 PM,12:10 PM,FREE,BUSY
09/14/20,06:10 PM,06:10 PM,Tigers at Indians,Progressive Field - Cleveland,"Local TV: FS-D",09/14/20,09/14/20,09:10 PM,09:10 PM,FALSE,TRUE,09/14/20,05:10 PM,05:10 PM,FREE,BUSY
09/15/20,06:10 PM,06:10 PM,Tigers at Indians,Progressive Field - Cleveland,"Local TV: FS-D",09/15/20,09/15/20,09:10 PM,09:10 PM,FALSE,TRUE,09/15/20,05:10 PM,05:10 PM,FREE,BUSY
09/16/20,01:10 PM,01:10 PM,Tigers at Indians,Progressive Field - Cleveland,"Local TV: FS-D",09/16/20,09/16/20,04:10 PM,04:10 PM,FALSE,TRUE,09/16/20,12:10 PM,12:10 PM,FREE,BUSY
09/18/20,08:10 PM,08:10 PM,Tigers at Twins,Target Field - Minneapolis,"Local TV: FS-D",09/18/20,09/18/20,11:10 PM,11:10 PM,FALSE,TRUE,09/18/20,07:10 PM,07:10 PM,FREE,BUSY
09/19/20,07:10 PM,07:10 PM,Tigers at Twins,Target Field - Minneapolis,"Local TV: FS-D",09/19/20,09/19/20,10:10 PM,10:10 PM,FALSE,TRUE,09/19/20,06:10 PM,06:10 PM,FREE,BUSY
09/20/20,02:10 PM,02:10 PM,Tigers at Twins,Target Field - Minneapolis,"Local TV: FS-D",09/20/20,09/20/20,05:10 PM,05:10 PM,FALSE,TRUE,09/20/20,01:10 PM,01:10 PM,FREE,BUSY
09/21/20,08:05 PM,08:05 PM,Tigers at Royals,Kauffman Stadium - Kansas City,"Local TV: FS-D",09/21/20,09/21/20,11:05 PM,11:05 PM,FALSE,TRUE,09/21/20,07:05 PM,07:05 PM,FREE,BUSY
09/22/20,08:05 PM,08:05 PM,Tigers at Royals,Kauffman Stadium - Kansas City,"Local TV: FS-D",09/22/20,09/22/20,11:05 PM,11:05 PM,FALSE,TRUE,09/22/20,07:05 PM,07:05 PM,FREE,BUSY
09/23/20,08:05 PM,08:05 PM,Tigers at Royals,Kauffman Stadium - Kansas City,"Local TV: FS-D",09/23/20,09/23/20,11:05 PM,11:05 PM,FALSE,TRUE,09/23/20,07:05 PM,07:05 PM,FREE,BUSY
09/24/20,08:05 PM,08:05 PM,Tigers at Royals,Kauffman Stadium - Kansas City,"Local TV: FS-D",09/24/20,09/24/20,11:05 PM,11:05 PM,FALSE,TRUE,09/24/20,07:05 PM,07:05 PM,FREE,BUSY
09/25/20,07:10 PM,07:10 PM,White Sox at Tigers,Comerica Park - Detroit,"Local TV: FS-D",09/25/20,09/25/20,10:10 PM,10:10 PM,FALSE,TRUE,09/25/20,06:10 PM,06:10 PM,FREE,BUSY
09/26/20,06:10 PM,06:10 PM,White Sox at Tigers,Comerica Park - Detroit,"Local TV: FS-D",09/26/20,09/26/20,09:10 PM,09:10 PM,FALSE,TRUE,09/26/20,05:10 PM,05:10 PM,FREE,BUSY
09/27/20,03:10 PM,03:10 PM,White Sox at Tigers,Comerica Park - Detroit,"Local TV: FS-D",09/27/20,09/27/20,06:10 PM,06:10 PM,FALSE,TRUE,09/27/20,02:10 PM,02:10 PM,FREE,BUSY
